{
    "root_group": {
        "groups": {},
        "checks": {
                "status is 200": {
                    "name": "status is 200",
                    "path": "::status is 200",
                    "id": "6210a8cd14cd70477eba5c5e4cb3fb5f",
                    "passes": 2848,
                    "fails": 0
                },
                "body has poll text": {
                    "fails": 0,
                    "name": "body has poll text",
                    "path": "::body has poll text",
                    "id": "e10211ad3103e6ff2c090799098797b5",
                    "passes": 2848
                }
            },
        "name": "",
        "path": "",
        "id": "d41d8cd98f00b204e9800998ecf8427e"
    },
    "metrics": {
        "http_reqs": {
            "count": 2848,
            "rate": 93.38740140341459
        },
        "data_sent": {
            "count": 222144,
            "rate": 7284.2173094663385
        },
        "http_req_connecting": {
            "avg": 1.915987710674157,
            "min": 0,
            "med": 0,
            "max": 187.419,
            "p(90)": 0,
            "p(95)": 0,
            "p(99)": 110.83968999999921
        },
        "http_req_duration": {
            "avg": 27.51299508426964,
            "min": 1.118,
            "med": 18.8625,
            "max": 151.024,
            "p(90)": 63.7261,
            "p(95)": 70.84299999999999,
            "p(99)": 84.71785,
            "thresholds": {
                "p(99)<1000": false,
                "p(95)<500": false
            }
        },
        "http_req_receiving": {
            "p(95)": 2.299199999999999,
            "p(99)": 5.26218,
            "avg": 0.6546790730337093,
            "min": 0.007,
            "med": 0.2975,
            "max": 26.749,
            "p(90)": 1.552
        },
        "iterations": {
            "count": 2848,
            "rate": 93.38740140341459
        },
        "vus": {
            "value": 50,
            "min": 50,
            "max": 50
        },
        "http_req_failed": {
            "passes": 0,
            "fails": 2848,
            "thresholds": {
                "rate<0.01": false
            },
            "value": 0
        },
        "http_req_blocked": {
            "avg": 1.9211091994382978,
            "min": 0,
            "med": 0.003,
            "max": 187.676,
            "p(90)": 0.008,
            "p(95)": 0.011,
            "p(99)": 110.86656999999921
        },
        "http_req_tls_handshaking": {
            "p(90)": 0,
            "p(95)": 0,
            "p(99)": 0,
            "avg": 0,
            "min": 0,
            "med": 0,
            "max": 0
        },
        "http_req_duration{expected_response:true}": {
            "p(95)": 70.84299999999999,
            "p(99)": 84.71785,
            "avg": 27.51299508426964,
            "min": 1.118,
            "med": 18.8625,
            "max": 151.024,
            "p(90)": 63.7261
        },
        "data_received": {
            "count": 10474944,
            "rate": 343478.8623617589
        },
        "iteration_duration": {
            "min": 501.250667,
            "med": 520.403417,
            "max": 703.494042,
            "p(90)": 565.7663338000001,
            "p(95)": 573.0629857499999,
            "p(99)": 639.00738901,
            "avg": 529.818691776684
        },
        "vus_max": {
            "value": 50,
            "min": 50,
            "max": 50
        },
        "http_req_waiting": {
            "p(99)": 82.40601000000001,
            "avg": 26.84578441011238,
            "min": 1.104,
            "med": 18.268,
            "max": 142.069,
            "p(90)": 62.778400000000005,
            "p(95)": 70.00709999999998
        },
        "checks": {
            "passes": 5696,
            "fails": 0,
            "value": 1
        },
        "http_req_sending": {
            "avg": 0.012531601123595582,
            "min": 0.001,
            "med": 0.007,
            "max": 0.588,
            "p(90)": 0.023,
            "p(95)": 0.03,
            "p(99)": 0.06252999999999997
        }
    }
}