{
    "root_group": {
        "id": "d41d8cd98f00b204e9800998ecf8427e",
        "groups": {},
        "checks": {
                "status is 200": {
                    "name": "status is 200",
                    "path": "::status is 200",
                    "id": "6210a8cd14cd70477eba5c5e4cb3fb5f",
                    "passes": 21486,
                    "fails": 0
                }
            },
        "name": "",
        "path": ""
    },
    "metrics": {
        "http_req_tls_handshaking": {
            "avg": 0,
            "min": 0,
            "med": 0,
            "max": 0,
            "p(90)": 0,
            "p(95)": 0,
            "p(99)": 0
        },
        "http_reqs": {
            "count": 21486,
            "rate": 357.6298062122824
        },
        "http_req_sending": {
            "max": 34.555,
            "p(90)": 0.009,
            "p(95)": 0.014,
            "p(99)": 0.028,
            "avg": 0.007661360886158106,
            "min": 0.001,
            "med": 0.002
        },
        "checks": {
            "passes": 21486,
            "fails": 0,
            "value": 1
        },
        "vus_max": {
            "max": 200,
            "value": 200,
            "min": 200
        },
        "http_req_receiving": {
            "max": 113.286,
            "p(90)": 2.669,
            "p(95)": 3.930499999999998,
            "p(99)": 7.588999999999997,
            "avg": 0.9811155170808905,
            "min": 0.006,
            "med": 0.326
        },
        "iterations": {
            "count": 21486,
            "rate": 357.6298062122824
        },
        "iteration_duration": {
            "med": 225.7712085,
            "max": 861.432542,
            "p(90)": 309.325646,
            "p(95)": 327.32829125,
            "p(99)": 422.5852768,
            "avg": 245.17414288727562,
            "min": 201.056541
        },
        "http_req_duration": {
            "p(99)": 222.4922,
            "avg": 44.827168109466626,
            "min": 0.957,
            "med": 25.576,
            "max": 661.345,
            "p(90)": 108.8405,
            "p(95)": 126.95899999999997,
            "thresholds": {
                "p(95)<2000": false,
                "p(99)<5000": false
            }
        },
        "http_req_blocked": {
            "med": 0.001,
            "max": 59.24,
            "p(90)": 0.003,
            "p(95)": 0.005,
            "p(99)": 0.081,
            "avg": 0.007363539048683281,
            "min": 0
        },
        "data_sent": {
            "count": 1675908,
            "rate": 27895.124884558027
        },
        "http_req_failed": {
            "passes": 0,
            "fails": 21486,
            "thresholds": {
                "rate<0.05": false
            },
            "value": 0
        },
        "http_req_waiting": {
            "min": 0.932,
            "med": 24.807000000000002,
            "max": 660.199,
            "p(90)": 106.5995,
            "p(95)": 124.46374999999998,
            "p(99)": 218.41454999999993,
            "avg": 43.83839123149974
        },
        "data_received": {
            "rate": 1315362.4272487748,
            "count": 79025508
        },
        "http_req_duration{expected_response:true}": {
            "med": 25.576,
            "max": 661.345,
            "p(90)": 108.8405,
            "p(95)": 126.95899999999997,
            "p(99)": 222.4922,
            "avg": 44.827168109466626,
            "min": 0.957
        },
        "http_req_connecting": {
            "med": 0,
            "max": 2.865,
            "p(90)": 0,
            "p(95)": 0,
            "p(99)": 0,
            "avg": 0.001699525272270314,
            "min": 0
        },
        "vus": {
            "max": 199,
            "value": 2,
            "min": 2
        }
    }
}